month,passenger_traffic
2019-01,16851856
2019-02,18239165
2019-03,20424685
2019-04,21283179
2019-05,18087776
2019-06,17135891
2019-07,16504299
2019-08,14683203
2019-09,16780913
2019-10,17309875
2019-11,15940706
2019-12,19549852
2020-01,17002406
2020-02,18362856
2020-03,15285872
2020-04,3132020
2020-05,3533469
2020-06,8401189
2020-07,11212783
2020-08,12670171
2020-09,15788584
2020-10,10237557
2020-11,8754029
2020-12,9871095
2021-01,8114171
2021-02,9620990
2021-03,12990137
2021-04,14376953
2021-05,13654377
2021-06,13082360
2021-07,11735376
2021-08,11558217
2021-09,13689250
2021-10,13659168
2021-11,12066231
2021-12,14104652
2022-01,10918035
2022-02,11850474
2022-03,15143737
2022-04,14714368
2022-05,12680296
2022-06,12355262
2022-07,10373538
2022-08,10682660
2022-09,12833097
2022-10,13551334
2022-11,13423940
2022-12,13759655
2023-01,11521891
2023-02,12402640
2023-03,15106341
2023-04,14658525
2023-05,13789826
2023-06,12837893
2023-07,11372091
2023-08,12036829
2023-09,14297423
2023-10,15551262
2023-11,15833268
2023-12,15953940
2024-01,13925842
2024-02,15699092
2024-03,17321179
2024-04,17381517
2024-05,16568028
2024-06,15029397
2024-07,14609556
2024-08,14442610
2024-09,16623958
2024-10,18269321
2024-11,17379414
2024-12,19289332
2025-01,16264325
2025-02,17486864
2025-03,19734883
2025-04,19077339
2025-05,17250848
2025-06,15659056
2025-07,15335170
2025-08,15196860
2025-09,18649328
2025-10,20392037
2025-11,19342888
2025-12,21255322
